id,diagnostics,treatment,has_gingivite,has_tartre
Gwery _Bouchra_0,['categorie_2_baume'],coiffage_pulpaire,non,oui
Bouchair_Hanane_1,['categorie_2_baume'],restauration_simple_composite,localisee,oui
Merzongne_Roumaima_2,['categorie_2_baume'],restauration_directe,non,oui
Atia_Naima_3,['categorie_2_baume'],restauration_composite,localisee,non
Fellah_Fethi_4,['categorie_2_baume'],restauration_simple_composite,non,non
Karim_Abderahmen_5,['categorie_1_baume'],restauration_composite,non,oui
Cherik_Malika Lilia_6,['categorie_2_baume'],restauration_simple_composite,non,oui
Guerinet_Amina_7,['categorie_1_baume'],restauration_simple_composite,non,non
Melranede_Ibtisem_8,['categorie_2_baume'],restauration_simple_composite,localisee,oui
Amern_Sara_9,['categorie_1_baume'],restauration_composite,oui,oui
Ataia_Naima_10,['categorie_1_baume'],restauration_simple_composite,oui,oui
Larbi_Amel_11,['categorie_2_baume'],restauration_simple_composite,non,non
Ghoul_Ghizlan_12,['categorie_1_baume'],restauration_simple_composite,non,non
Benouianane_Hichem_13,['categorie_2_baume'],restauration_simple_composite,localisee,oui
Djelouat_Lamia_14,['categorie_2_baume'],restauration_composite,non,non
Mihoubi_Houaria_15,['categorie_3_baume'],restauration_simple_composite,non,oui
Tadjman_Mohamed_16,[],restauration_composite,non,non
Boufidile_Soumia_17,['categorie_4_baume'],restauration_simple_composite,localisee,non
Zairi_Nadia_18,['categorie_3_baume'],restauration_simple_composite,localisee,oui
Belhadj_Med_19,['categorie_4_baume'],restauration_simple_composite,non,oui
Hichem_Hamid_20,['categorie_2_baume'],restauration_simple_composite,oui,oui
Talib_Zinab_21,['categorie_1_baume'],restauration_simple_composite,non,non
Doudait_Mohamed_22,['categorie_4_baume'],restauration_simple_composite,non,oui
Bensaf_Bachir_23,['categorie_4_baume'],restauration_simple_composite,non,non
chergui_Aya_24,['categorie_3_baume'],restauration_simple_composite,oui,oui
Chergui_Fatima_25,['categorie_1_baume'],restauration_simple_composite,non,oui
Tabdji_Farah_26,['categorie_4_baume'],restauration_directe,non,non
Fellah_Fethi_27,['categorie_2_baume'],restauration_simple_composite,localisee,non
benaouima_Riyadh_28,['categorie_3_baume'],restauration_simple_composite,oui,non
Fellah_Fatima_29,['categorie_2_baume'],restauration_simple_composite,non,oui
Serat_Hadjer_30,['categorie_3_baume'],restauration_directe,non,oui
Batri_Ibtissam_31,['categorie_4_baume'],restauration_simple_composite,non,non
Ayadi_Habib_32,"['syndrome_septal', 'categorie_4_baume']",restauration_simple_composite,localisee,non
Hamraoui_Maroua_33,['categorie_3_baume'],restauration_simple_composite,non,non
Boudjellal_Othmane_34,['categorie_4_baume'],restauration_directe,non,oui
Belallia_Djamila_35,['categorie_3_baume'],restauration_simple_composite,non,non
Cherif_Sihem_36,['categorie_4_baume'],restauration_simple_composite,non,non
Lazreg_Belkhir_37,['categorie_3_baume'],restauration_simple_composite,non,non
Ouadah_Yousra_38,['syndrome_dentinaire'],restauration_simple_composite,non,oui
Kebir_Nour_39,['categorie_3_baume'],restauration_simple_composite,non,non
Doudait_Mohand_40,"['syndrome_septal', 'categorie_4_baume']",restauration_simple_composite,non,oui
Medour_Abdelmalek_41,['categorie_4_baume'],restauration_simple_composite,non,non
Bessaih_Fatima_42,['categorie_3_baume'],restauration_simple_composite,non,non
benahmed_Aya_43,['categorie_2_baume'],restauration_simple_composite,non,non
Farsi_Abdelsamed_44,"['syndrome_septal', 'categorie_3_baume']",restauration_simple_composite,non,non
Lahieche_Ibtihel_45,['categorie_4_baume'],restauration_simple_composite,localisee,oui
Ghali_Hassma_46,['categorie_3_baume'],restauration_simple_composite,localisee,non
Mazouzi_Fouzia_47,['categorie_3_baume'],restauration_simple_composite,non,non
Lameche_Malok_48,['categorie_3_baume'],restauration_simple_composite,non,non
Belaid_Mohamed_49,['categorie_3_baume'],restauration_simple_composite,non,non
benadballah_Rachida_50,['categorie_2_baume'],restauration_simple_composite,non,non
khedim_Abdellah_51,['categorie_3_baume'],restauration_composite,oui,oui
maissoum_Karima_52,['categorie_3_baume'],restauration_simple_composite,oui,oui
el hassi_Rayen_53,['categorie_3_baume'],restauration_simple_composite,non,oui
Mimoune_Nesrine_54,['categorie_4_baume'],restauration_simple_composite,oui,oui
Soldi_jamila_55,['categorie_3_baume'],restauration_simple_composite,non,non
Timimi_Sara_56,['categorie_4_baume'],restauration_simple_composite,non,oui
Bourzeg_Faiza_57,['categorie_4_baume'],restauration_simple_composite,non,non
Issad_Mohamed_58,['categorie_1_baume'],restauration_simple_composite,non,non
zegiar _Ibtissem_59,['categorie_2_baume'],restauration_simple_composite,oui,non
Mansour_Hayet_60,['categorie_1_baume'],restauration_simple_composite,oui,oui
Benayad_Abir_61,['categorie_1_baume'],restauration_simple_composite,non,non
Benkhodam_Souad_62,[],restauration_simple_composite,localisee,oui
Merabia_Djawed_63,['categorie_2_baume'],restauration_simple_composite,localisee,oui
Begoug_Aya_64,['categorie_1_baume'],restauration_simple_composite,localisee,oui
Kerroub_Youcef_65,['categorie_2_baume'],restauration_simple_composite,oui,non
Messoudi_Mimouna_66,['syndrome_septal'],restauration_simple_composite,oui,oui
Hanifi_Radia_67,['categorie_3_baume'],restauration_simple_composite,oui,non
Mimoune_Nesrine_68,['categorie_4_baume'],restauration_prothetique,oui,oui
Bellil_Nadia_69,['categorie_1_baume'],restauration_simple_composite,oui,non
Benchira_Fatima_70,['categorie_1_baume'],restauration_simple_composite,non,oui
saimi_Mohamed_71,['categorie_2_baume'],restauration_simple_composite,non,oui
Hadjeri_Mokhtaria_72,['categorie_3_baume'],restauration_provisoire,non,oui
Beuefas_Nour EL Houda_73,['categorie_3_baume'],restauration_simple_composite,non,oui
Sini_Oumria_74,['categorie_4_baume'],restauration_simple_composite,oui,oui
Bahat _Keltoum_75,['categorie_2_baume'],restauration_composite,oui,non
Bahair_Mohamed_76,['categorie_2_baume'],restauration_simple_composite,non,oui
Afeghoul_Chaimaa_77,['categorie_4_baume'],restauration_provisoire,non,non
Sini_Oumria_78,['categorie_4_baume'],restauration_simple_composite,non,non
Boubaker_Choumaissa_79,['categorie_4_baume'],traitement_endodontique,oui,oui
Bouchnafa_Fatima_80,['categorie_3_baume'],restauration_composite,non,non
Kenffalal_Fatima_81,['categorie_4_baume'],restauration_provisoire,oui,oui
Sini_Oumria_82,['categorie_4_baume'],restauration_provisoire,non,non
Sallak_Chaima_83,['categorie_4_baume'],restauration_simple_composite,non,non
Bahaire_Mohamed_84,['categorie_3_baume'],restauration_simple_composite,non,non
Hiba_Safaa_85,['categorie_3_baume'],restauration_simple_composite,localisee,oui
Benchoula_Houaria_86,['categorie_4_baume'],restauration_simple_composite,non,non
Benkadour_Anis_87,['categorie_4_baume'],restauration_simple_composite,non,oui
Beddi_Aissaoui_88,['categorie_4_baume'],restauration_provisoire,non,non
Kerd_Halima_89,['categorie_2_baume'],restauration_simple_composite,non,non
EL keb aili_Razika_90,['categorie_2_baume'],restauration_simple_composite,non,non
Benchoula_Houaria_91,['categorie_3_baume'],restauration_provisoire,non,oui
belghazli_Amina_92,['categorie_3_baume'],restauration_provisoire,non,non
Benhabel_Amani_93,['categorie_1_baume'],restauration_simple_composite,non,oui
Kharfellah_Fatima_94,['categorie_2_baume'],restauration_simple_composite,non,oui
wajed_Aymen_95,['categorie_4_baume'],restauration_simple_composite,non,non
Fatmi_Asma_96,['categorie_2_baume'],restauration_simple_composite,localisee,oui
Nemdiri_Hichem_97,['categorie_2_baume'],restauration_simple_composite,non,oui
Meroitai_Mohamed_98,['categorie_3_baume'],restauration_simple_composite,non,oui
Kheirat_Halima_99,['categorie_4_baume'],restauration_simple_composite,non,oui
Messabih_Maroua_100,"['syndrome_septal', 'categorie_4_baume']",restauration_simple_composite,non,non
lalmen_Boubaker_101,['categorie_4_baume'],restauration_simple_composite,oui,oui
Briki_sara_102,['categorie_4_baume'],restauration_simple_composite,oui,oui
AATabe_Houria_103,['categorie_3_baume'],restauration_simple_composite,oui,oui
Abdelhalim_Ilhem_104,['categorie_4_baume'],restauration_simple_composite,localisee,oui
kernaf_Miloud_105,['categorie_4_baume'],restauration_simple_composite,oui,oui
Ajnar_Rabiah_106,['categorie_2_baume'],restauration_simple_composite,non,oui
Dhiba_Safaa_107,"['syndrome_septal', 'categorie_4_baume']",restauration_composite,non,oui
befake_kheira_108,['categorie_1_baume'],restauration_simple_composite,non,non
larbi_EL houaria_109,['categorie_2_baume'],restauration_composite,non,oui
Mahmoud_Oman_110,['categorie_3_baume'],restauration_simple_composite,localisee,non
Hajnim_Mokhtaria_111,['categorie_4_baume'],restauration_simple_composite,non,oui
Bacriche_zoulikha_112,['categorie_4_baume'],restauration_simple_composite,non,non
Afghoul_Chaima_113,['categorie_4_baume'],restauration_simple_composite,non,non
Bouabdallah_Mokhtaria_114,['categorie_3_baume'],restauration_simple_composite,non,non
Omar_Mohamed_115,['categorie_3_baume'],restauration_simple_composite,non,oui
Mori_Hayate_116,['categorie_2_baume'],restauration_simple_composite,localisee,oui
Bekkadour_Aness_117,['categorie_2_baume'],restauration_simple_composite,non,oui
Belfoul_Mohamed_118,['categorie_4_baume'],restauration_simple_composite,non,oui
Benrabeh_Hakim_119,['categorie_4_baume'],restauration_provisoire,non,oui
Sidhem_Amel_120,['categorie_2_baume'],restauration_simple_composite,non,non
Debech_Rokia_121,['categorie_1_baume'],restauration_simple_composite,non,oui
Oujed_Aymen_122,['categorie_3_baume'],restauration_simple_composite,non,oui
Bedoui_Amina_123,['categorie_4_baume'],restauration_simple_composite,non,oui
hatag_Yamina_124,['categorie_4_baume'],restauration_simple_composite,non,oui
Moumen_Ikram_125,['categorie_2_baume'],restauration_simple_composite,non,non
Halimi_Sarra_126,['categorie_2_baume'],restauration_simple_composite,oui,oui
Mesabti_Aisha_127,['categorie_3_baume'],restauration_composite,non,oui
Danjelb_Mohamed_128,['categorie_4_baume'],restauration_simple_composite,oui,oui
Mahboube_Dalila_129,['categorie_2_baume'],restauration_simple_composite,non,oui
khaldi_Ismahen_130,['categorie_2_baume'],restauration_simple_composite,non,non
berloi_Houaria_131,['categorie_3_baume'],restauration_simple_composite,non,oui
Bekeddour_Anes_132,['categorie_2_baume'],restauration_simple_composite,non,oui
Host_Karima_133,['categorie_3_baume'],restauration_composite,non,non
Kheirat_Halima_134,['categorie_1_baume'],restauration_composite,non,non
Farah_Badra_135,['categorie_4_baume'],restauration_simple_composite,non,oui
Bouzal_zineb_136,['categorie_2_baume'],restauration_simple_composite,non,oui
Mohamed Tayfer_Fatiha_137,['categorie_4_baume'],restauration_composite,non,oui
Djellal_Mohamed_138,['categorie_3_baume'],traitement_endodontique,non,oui
Benkadour_Anes_139,['categorie_3_baume'],restauration_simple_composite,non,oui
Baoucle_zoulikha_140,['categorie_4_baume'],restauration_simple_composite,non,oui
Boudraa_Bouchra_141,['categorie_3_baume'],restauration_simple_composite,non,non
Kharfellah_Fatima_142,['categorie_2_baume'],restauration_composite,oui,oui
belfoul_Mohamed_143,['categorie_4_baume'],restauration_simple_composite,oui,non
Baoucha_zoulikha_144,['categorie_4_baume'],restauration_simple_composite,non,oui
Wadjed_Aymen_145,['necrose'],restauration_simple_composite,non,oui
hessan_Maroua_146,['categorie_4_baume'],restauration_provisoire,non,oui
Mesan_Hanaa_147,['categorie_4_baume'],restauration_simple_composite,non,non
yahaoui_Chaima_148,['categorie_3_baume'],restauration_composite,non,non
belkoukra_Assia_149,['categorie_2_baume'],restauration_simple_composite,non,oui
wiss_youssra_150,['categorie_3_baume'],restauration_simple_composite,non,oui
Hattag_Yamna_151,['categorie_3_baume'],restauration_simple_composite,non,oui
Mohamed Tayfer_Fatiha_152,['categorie_4_baume'],restauration_simple_composite,non,oui
Sidhom_Amel_153,['categorie_4_baume'],restauration_simple_composite,non,oui
Belmokthar_Somia_154,['categorie_3_baume'],restauration_provisoire,non,non
Gorbone_Walid_155,['categorie_4_baume'],restauration_simple_composite,non,non
ouajed_Aymen_156,['categorie_4_baume'],restauration_simple_composite,non,oui
Larbe_Lahouarea_157,['categorie_3_baume'],restauration_simple_composite,non,oui
Nemdili_Hichem_158,['categorie_4_baume'],restauration_simple_composite,non,oui
Amradui_Yakobiya_159,['categorie_2_baume'],restauration_simple_composite,non,non
Ouis_Yousra_160,['categorie_2_baume'],restauration_simple_composite,non,oui
benghazi_Amina_161,['categorie_2_baume'],restauration_simple_composite,localisee,oui
wlednoussa_Djamila_162,['categorie_1_baume'],restauration_simple_composite,localisee,oui
Mesane_Hanaa_163,['categorie_3_baume'],restauration_simple_composite,non,oui
Boulekbache_Hamido_164,['categorie_3_baume'],restauration_composite,non,oui
Benfala_Fatima_165,['categorie_3_baume'],restauration_simple_composite,non,oui
Yahioui_Chaima_166,['categorie_2_baume'],restauration_simple_composite,non,non
berrefas_Nour el Houda_167,['categorie_4_baume'],restauration_simple_composite,non,oui
Touati_Missoum_168,['categorie_4_baume'],restauration_simple_composite,oui,oui
Elkebaiei_Razika_169,['categorie_3_baume'],restauration_simple_composite,non,non
houti_Ilhem_170,['categorie_2_baume'],restauration_composite,non,non
Delfa_Tahira_171,['apd_profonde'],restauration_composite,oui,oui
lalimen_karima_172,['apd_superficiel'],restauration_composite,non,non
Bendoue_Djihane_173,['apd_profonde'],restauration_composite,non,non
Nasri_Houari_174,['apd_superficiel'],restauration_prothetique,non,non
Bekkadour_Mounir_175,['apd_profonde'],restauration_composite,non,non
meltaf_Hbib_176,['apd_profonde'],restauration_composite,non,non
Hammadi_Farida_177,['apd_superficiel'],restauration_composite,oui,oui
Ryan_Mustapha_178,['apd_profonde'],restauration_composite,non,non
benmiloud_Leial_179,['apd_profonde'],restauration_composite,oui,oui
guenoure_Kamel_180,['categorie_2_baume'],restauration_composite,localisee,oui
Hamdane_Nacera_181,['apd_superficiel'],restauration_composite,non,non
