id,required_diagnostics,required_treatment,needs_gingivite,needs_tartre
Guerni_Sarra,['categorie_2_baume'],coiffage_pulpaire,non,oui
redjem_Fatima,"['categorie_1_baume', 'apd_profonde', 'categorie_4_baume', 'categorie_2_baume', 'categorie_3_baume']",restauration_simple_composite,localisee,oui
Boubekeur_Souhila,"['apd', 'categorie_2_baume', 'categorie_4_baume', 'categorie_3_baume']",restauration_directe,non,oui
Berouas_Assia,['categorie_2_baume'],restauration_composite,localisee,non
Benbrahim_Imad,['categorie_2_baume'],restauration_simple_composite,non,non
Aonali_Lilia,['categorie_1_baume'],restauration_composite,non,oui
Bouali_Amina,"['apd_superficiel', 'categorie_4_baume', 'categorie_3_baume']",restauration_simple_composite,non,oui
Benyala_Mohamed Amine,['categorie_1_baume'],restauration_simple_composite,non,non
Benhajadda_Rajaa,"['apd_superficiel', 'categorie_4_baume', 'categorie_3_baume']",restauration_simple_composite,localisee,oui
Benchonra_Fatima,['categorie_1_baume'],restauration_composite,oui,oui
Brahim_Amina,['categorie_1_baume'],restauration_simple_composite,oui,oui
Gherdaoui_Alaa eddine,"['categorie_4_baume', 'apd_profonde', 'categorie_3_baume']",restauration_simple_composite,non,non
Belmiloud_Ilyes,['categorie_1_baume'],restauration_simple_composite,non,non
Hammou_Amel,['categorie_2_baume'],restauration_simple_composite,localisee,oui
Benaisha_Ibtisem,"['categorie_4_baume', 'categorie_2_baume', 'apd_profonde', 'categorie_3_baume']",restauration_composite,non,non
Benlaour_Imane,['categorie_3_baume'],restauration_simple_composite,non,oui
Chikr_Mezouar,[],restauration_composite,non,non
Bouchama_Wafaa,"['categorie_4_baume', 'categorie_3_baume']",restauration_simple_composite,localisee,non
Mahjoub_Araibi,['categorie_3_baume'],restauration_simple_composite,localisee,oui
Berdeg_Esma,"['categorie_4_baume', 'categorie_3_baume']",restauration_simple_composite,non,oui
Berdeg_Esma,['categorie_2_baume'],restauration_simple_composite,oui,oui
Guessab _Amine,['categorie_1_baume'],restauration_simple_composite,non,non
Reffas_Mohamed,['categorie_4_baume'],restauration_simple_composite,non,oui
Boudjnene_Sabrina,"['categorie_1_baume', 'categorie_4_baume']",restauration_simple_composite,non,non
Chihane_Houda,['categorie_3_baume'],restauration_simple_composite,oui,oui
Bondraa_Hakim,['categorie_1_baume'],restauration_simple_composite,non,oui
Bougelta_Omar,['categorie_4_baume'],restauration_directe,non,non
Boudrca _Imad,"['categorie_4_baume', 'apd_profonde']",restauration_simple_composite,localisee,non
Mahious_wahida,['categorie_3_baume'],restauration_simple_composite,oui,non
Mahious_wahida,['categorie_2_baume'],restauration_simple_composite,non,oui
Lekhal_Sadek,['categorie_3_baume'],restauration_directe,non,oui
Tlaireche_Oussama,"['categorie_4_baume', 'categorie_2_baume']",restauration_simple_composite,non,non
Boutrik_Harimane,"['categorie_4_baume', 'categorie_3_baume']",restauration_simple_composite,localisee,non
Koulale_Kawther,['categorie_3_baume'],restauration_simple_composite,non,non
Reffas_Mohamed,['categorie_4_baume'],restauration_directe,non,oui
gherdaoui_Nourelhouda,['categorie_3_baume'],restauration_simple_composite,non,non
Raisali_Feryal,['categorie_4_baume'],restauration_simple_composite,non,non
Raisali_Feryal,['categorie_3_baume'],restauration_simple_composite,non,non
Chermott_Meriem,['syndrome_dentinaire'],restauration_simple_composite,non,oui
Bouchama_Wafaa,['categorie_3_baume'],restauration_simple_composite,non,non
Benamer_Abdelkader,['categorie_4_baume'],restauration_simple_composite,non,oui
Messamdi_Halima,['categorie_4_baume'],restauration_simple_composite,non,non
Manaf_Ali,['categorie_3_baume'],restauration_simple_composite,non,non
Mosandi_Halima,['categorie_2_baume'],restauration_simple_composite,non,non
Haouchéne_Chourouk,['categorie_3_baume'],restauration_simple_composite,non,non
Boudjnene_Aya,"['categorie_1_baume', 'categorie_4_baume']",restauration_simple_composite,localisee,oui
Bondraa_Farouk,['categorie_3_baume'],restauration_simple_composite,localisee,non
Benkoula_Sirine,['categorie_3_baume'],restauration_simple_composite,non,non
Chermat_Meriem,['categorie_3_baume'],restauration_simple_composite,non,non
Bahfik_Sabrina,['categorie_3_baume'],restauration_simple_composite,non,non
Bahfik_Sabrina,['categorie_2_baume'],restauration_simple_composite,non,non
Kheira_Yasmine,['categorie_3_baume'],restauration_composite,oui,oui
Younsi_Kheira,['categorie_3_baume'],restauration_simple_composite,oui,oui
Merchaki_DR,['categorie_3_baume'],restauration_simple_composite,non,oui
Merchaki_DR,['categorie_4_baume'],restauration_simple_composite,oui,oui
Ben brahim_Safia,['categorie_3_baume'],restauration_simple_composite,non,non
Cherif_Mohamed,"['apd_superficiel', 'categorie_4_baume']",restauration_simple_composite,non,oui
Ghazel_DR,['categorie_4_baume'],restauration_simple_composite,non,non
Ghazel_DR,['categorie_1_baume'],restauration_simple_composite,non,non
Touabi_Ilhem,['categorie_2_baume'],restauration_simple_composite,oui,non
Tamabi _Ikram,['categorie_1_baume'],restauration_simple_composite,oui,oui
Benherime_Saber,['categorie_1_baume'],restauration_simple_composite,non,non
Benghenima_Karim,[],restauration_simple_composite,localisee,oui
Benghenima_Fouad,['categorie_2_baume'],restauration_simple_composite,localisee,oui
Ouadah_Abedldjaber,['categorie_1_baume'],restauration_simple_composite,localisee,oui
Boutouil_Salem,['categorie_2_baume'],restauration_simple_composite,oui,non
Soufi_DR,['syndrome_septal'],restauration_simple_composite,oui,oui
Merkachi_DR,['categorie_3_baume'],restauration_simple_composite,oui,non
Merchaki_DR,['categorie_4_baume'],restauration_prothetique,oui,oui
Merchaki_DR,['categorie_1_baume'],restauration_simple_composite,oui,non
Belbachir_Ahmed,['categorie_1_baume'],restauration_simple_composite,non,oui
Adjim_Ayoub,['categorie_2_baume'],restauration_simple_composite,non,oui
Honayed_Ikram,['categorie_3_baume'],restauration_provisoire,non,oui
benzauzi_Malika,['categorie_3_baume'],restauration_simple_composite,non,oui
Amiri_Sanaa,"['categorie_4_baume', 'apd_profonde']",restauration_simple_composite,oui,oui
Balaska_Mohamed,['categorie_2_baume'],restauration_composite,oui,non
Adid_Hanane,['categorie_2_baume'],restauration_simple_composite,non,oui
Adda_Kamar,['categorie_4_baume'],restauration_provisoire,non,non
zahaf_Akram,['categorie_4_baume'],restauration_simple_composite,non,non
Geudouz_khaoula,['categorie_4_baume'],traitement_endodontique,oui,oui
Omar_Mohammed,['categorie_3_baume'],restauration_composite,non,non
Bougekmouna_Aziz,['categorie_4_baume'],restauration_provisoire,oui,oui
Hassini_Manel,['categorie_4_baume'],restauration_provisoire,non,non
Sahli_Halima,"['categorie_4_baume', 'categorie_3_baume']",restauration_simple_composite,non,non
Remili_Wafaa,['categorie_3_baume'],restauration_simple_composite,non,non
Fekih_Sami,['categorie_3_baume'],restauration_simple_composite,localisee,oui
Benlezreg_Zakaria,"['apd_superficiel', 'categorie_4_baume']",restauration_simple_composite,non,non
Moulai_Farah,['categorie_4_baume'],restauration_simple_composite,non,oui
Oueld Chikh_Assia,['categorie_4_baume'],restauration_provisoire,non,non
Senhadji_Feriel,"['categorie_4_baume', 'categorie_2_baume', 'apd_profonde', 'categorie_3_baume']",restauration_simple_composite,non,non
Riazi_imad eddine,['categorie_2_baume'],restauration_simple_composite,non,non
Benaouda_Sihem,['categorie_3_baume'],restauration_provisoire,non,oui
Bahfir_Sabrina,"['categorie_4_baume', 'categorie_2_baume', 'apd_profonde']",restauration_provisoire,non,non
Belkaid_Abdi,['categorie_1_baume'],restauration_simple_composite,non,oui
Mejdoub_Bouchera,"['categorie_4_baume', 'categorie_2_baume', 'apd_profonde', 'categorie_3_baume']",restauration_simple_composite,non,oui
Gourine_Marwa,['categorie_4_baume'],restauration_simple_composite,non,non
Boudjemaa _Anis,['categorie_2_baume'],restauration_simple_composite,localisee,oui
Bashar_Hamdi,['categorie_2_baume'],restauration_simple_composite,non,oui
Benkhouna_Nadia,['categorie_3_baume'],restauration_simple_composite,non,oui
Chouarfia_Narimene,"['categorie_4_baume', 'categorie_2_baume', 'apd_profonde']",restauration_simple_composite,non,oui
Messabih_Samar,['categorie_4_baume'],restauration_simple_composite,non,non
Elfilali _Faiza,['categorie_4_baume'],restauration_simple_composite,oui,oui
Sabri_Madjide,"['apd_superficiel', 'categorie_4_baume', 'categorie_3_baume']",restauration_simple_composite,oui,oui
Merakcli_Silin,['categorie_3_baume'],restauration_simple_composite,oui,oui
Soufi_Fateh,['categorie_4_baume'],restauration_simple_composite,localisee,oui
Soultani_Aymen,"['categorie_1_baume', 'apd', 'categorie_4_baume', 'categorie_3_baume']",restauration_simple_composite,oui,oui
Bemour_Ayoub,['categorie_2_baume'],restauration_simple_composite,non,oui
Messaki_Nadjib,"['apd_superficiel', 'apd_profonde', 'categorie_3_baume']",restauration_composite,non,oui
Messouke_Nabila,['categorie_1_baume'],restauration_simple_composite,non,non
Arabi_Amira,['categorie_2_baume'],restauration_composite,non,oui
kaowhar_Nourelhouda,['categorie_3_baume'],restauration_simple_composite,localisee,non
Balgha_Sabah,['categorie_4_baume'],restauration_simple_composite,non,oui
Mouley _Manal,['categorie_4_baume'],restauration_simple_composite,non,non
Nezar _Sabah,['categorie_4_baume'],restauration_simple_composite,non,non
Tayeb_Youcef,"['categorie_4_baume', 'categorie_3_baume']",restauration_simple_composite,non,non
Medjdoubi_Ikram,"['apd_superficiel', 'categorie_3_baume']",restauration_simple_composite,non,oui
Latab_Romaissa,['categorie_2_baume'],restauration_simple_composite,localisee,oui
Oulladi_Ismail,"['categorie_2_baume', 'apd_profonde']",restauration_simple_composite,non,oui
Charmat_meriem,"['apd_superficiel', 'categorie_4_baume', 'categorie_1_baume', 'categorie_3_baume']",restauration_simple_composite,non,oui
Lazreg_Maroua,"['categorie_4_baume', 'apd_profonde']",restauration_provisoire,non,oui
kellali_Youcef,"['apd_superficiel', 'categorie_2_baume', 'categorie_3_baume']",restauration_simple_composite,non,non
kehlaoui_Nessma,['categorie_1_baume'],restauration_simple_composite,non,oui
Raisali_Feriale,['categorie_3_baume'],restauration_simple_composite,non,oui
Amor_Lamis,"['categorie_1_baume', 'apd_profonde', 'categorie_4_baume', 'categorie_2_baume', 'categorie_3_baume']",restauration_simple_composite,non,oui
Sattah_Amani,['categorie_4_baume'],restauration_simple_composite,non,oui
Mesbah_Silin,['categorie_2_baume'],restauration_simple_composite,non,non
Remli_Sarra,['categorie_2_baume'],restauration_simple_composite,oui,oui
Benaissa_Walid,['categorie_3_baume'],restauration_composite,non,oui
Boulila_Amina,['categorie_4_baume'],restauration_simple_composite,oui,oui
Sabri_Nabila,['categorie_2_baume'],restauration_simple_composite,non,oui
Belabbaci_Nasro,['categorie_2_baume'],restauration_simple_composite,non,non
Bensi_Sanna,"['apd_superficiel', 'categorie_1_baume', 'categorie_4_baume', 'categorie_2_baume', 'categorie_3_baume']",restauration_simple_composite,non,oui
Blmejouar_Ghofrane,['categorie_2_baume'],restauration_simple_composite,non,oui
Rais ali_Ferial,['categorie_3_baume'],restauration_composite,non,non
Benaissa_Walid,['categorie_1_baume'],restauration_composite,non,non
Benaceur_Fadil,"['apd_superficiel', 'categorie_4_baume']",restauration_simple_composite,non,oui
Cherism_Mohamed,['categorie_2_baume'],restauration_simple_composite,non,oui
Boutchiche_Hanane,['categorie_4_baume'],restauration_composite,non,oui
Marat_Abdeljallil,['categorie_3_baume'],traitement_endodontique,non,oui
Taiel_Abdenour,['categorie_3_baume'],restauration_simple_composite,non,oui
Raffas_Abdelillah,"['apd_superficiel', 'categorie_1_baume', 'categorie_4_baume', 'categorie_2_baume', 'categorie_3_baume']",restauration_simple_composite,non,oui
Baolache_Oussama,['categorie_3_baume'],restauration_simple_composite,non,non
Nasri_Mounia,"['categorie_2_baume', 'apd_profonde']",restauration_composite,oui,oui
Benameur_Halim,['categorie_4_baume'],restauration_simple_composite,oui,non
Boulkbeche_Douaa,['categorie_4_baume'],restauration_simple_composite,non,oui
Kaurchi_Meriem,['necrose'],restauration_simple_composite,non,oui
Ghazel_Ahmed,['categorie_4_baume'],restauration_provisoire,non,oui
karachira_Manel,['categorie_4_baume'],restauration_simple_composite,non,non
Soussio_Amel,['categorie_3_baume'],restauration_composite,non,non
Rezaki_Nourelhouda,['categorie_2_baume'],restauration_simple_composite,non,oui
Bounouar_Naima,['categorie_3_baume'],restauration_simple_composite,non,oui
lairedj_hadjer,['categorie_3_baume'],restauration_simple_composite,non,oui
Boumediene_yasmine,['categorie_4_baume'],restauration_simple_composite,non,oui
benkoula_Sabria,['categorie_4_baume'],restauration_simple_composite,non,oui
Bouakri_Douaa,['categorie_3_baume'],restauration_provisoire,non,non
Benkabouch_Abedsamed,['categorie_4_baume'],restauration_simple_composite,non,non
Benabara_Khadija,['categorie_4_baume'],restauration_simple_composite,non,oui
Boufriha_Zaki,['categorie_3_baume'],restauration_simple_composite,non,oui
Belkaid_Abdi,['categorie_4_baume'],restauration_simple_composite,non,oui
Baalache_Abdelaoui,['categorie_2_baume'],restauration_simple_composite,non,non
Adjont_Benzauzi,['categorie_2_baume'],restauration_simple_composite,non,oui
Geussab_Amina,['categorie_2_baume'],restauration_simple_composite,localisee,oui
Soualmia_Yamina,"['categorie_1_baume', 'apd_profonde', 'categorie_4_baume', 'categorie_2_baume', 'categorie_3_baume']",restauration_simple_composite,localisee,oui
Bouzidi_Wafaa,['categorie_3_baume'],restauration_simple_composite,non,oui
Ghendaoui_Nourelhouda,['categorie_3_baume'],restauration_composite,non,oui
Boubekri _Ilhem,['categorie_3_baume'],restauration_simple_composite,non,oui
Taieb_Abdenour,['categorie_2_baume'],restauration_simple_composite,non,non
Hamdoui_Zineb,['categorie_4_baume'],restauration_simple_composite,non,oui
Bettaher_Zineb,['categorie_4_baume'],restauration_simple_composite,oui,oui
Riazi_imadeddine,['categorie_3_baume'],restauration_simple_composite,non,non
Rezoug_Oussama,['categorie_2_baume'],restauration_composite,non,non
Laib_Anis,['apd_profonde'],restauration_composite,oui,oui
Chtourou_Rachid,['apd_superficiel'],restauration_composite,non,non
Rahil_Ramzi,['apd_profonde'],restauration_composite,non,non
Djaffer_Rania,['apd_superficiel'],restauration_prothetique,non,non
Medghar_Soufiane,['apd_profonde'],restauration_composite,non,non
Messamah _Taha,['apd_profonde'],restauration_composite,non,non
Kedbani_Yacine,"['apd_superficiel', 'categorie_1_baume', 'categorie_4_baume', 'categorie_2_baume', 'categorie_3_baume']",restauration_composite,oui,oui
Mounnah_Youcef,"['categorie_1_baume', 'categorie_2_baume', 'apd_profonde', 'categorie_3_baume']",restauration_composite,non,non
Boudour_Yanis,['apd_profonde'],restauration_composite,oui,oui
Mechti_Rafik,"['categorie_2_baume', 'categorie_3_baume']",restauration_composite,localisee,oui
Rehmani_Zoheir,"['apd_superficiel', 'apd_profonde']",restauration_composite,non,non
Sahroui _Abedallah,"['syndrome_septal', 'categorie_3_baume']",restauration_simple_composite,oui,oui
